Value 1,Value 2,Result,
224,962,0.232848233,
791,949,0.833508957,
932,226,4.123893805,
522,103,5.067961165,
532,768,0.692708333,
119,358,0.332402235,
922,574,1.606271777,
774,626,1.236421725,
718,128,5.609375,
420,173,2.427745665,
546,10,54.6,
325,827,0.392986699,
784,851,0.921269095,
944,611,1.545008183,
874,209,4.181818182,
102,493,0.206896552,
701,87,8.057471264,
616,808,0.762376238,